{"cameraMode":{"drawMode":0,"name":"Shaded","section":"Shading Mode"},"sceneLighting":true,"audioPlay":false,"sceneViewState":{"m_AlwaysRefresh":false,"showFog":true,"showSkybox":true,"showFlares":true,"showImageEffects":true,"showParticleSystems":true,"showVisualEffectGraphs":true,"m_FxEnabled":true},"in2DMode":false,"pivot":{"x":1.517760992050171,"y":0.33239883184432986,"z":-0.9833253026008606},"rotation":{"x":0.1242043524980545,"y":0.7361146211624146,"z":-0.14058557152748109,"w":0.6503483653068543},"size":1.2101829051971436,"orthographic":false}