{"cameraMode":{"drawMode":0,"name":"Shaded","section":"Shading Mode"},"sceneLighting":true,"audioPlay":false,"sceneViewState":{"m_AlwaysRefresh":false,"showFog":true,"showSkybox":true,"showFlares":true,"showImageEffects":true,"showParticleSystems":true,"showVisualEffectGraphs":true,"m_FxEnabled":true},"in2DMode":false,"pivot":{"x":0.20533709228038789,"y":1.7162178754806519,"z":-0.6321695446968079},"rotation":{"x":-0.001963019371032715,"y":-0.9934628009796143,"z":-0.01727830246090889,"w":0.11283374577760697},"size":0.45929810404777529,"orthographic":false}